{
  "premier_league": {
    "AFC Bournemouth": "Bournemouth",
    "Arsenal": "Arsenal",
    "Aston Villa": "Aston Villa",
    "Brentford": "Brentford",
    "Brighton": "Brighton",
    "Brighton and Hove Albion": "Brighton",
    "Burnley": "Burnley",
    "Cardiff": "Cardiff",
    "Chelsea": "Chelsea",
    "Crystal Palace": "Crystal Palace",
    "Everton": "Everton",
    "Fulham": "Fulham",
    "Huddersfield": "Huddersfield",
    "Ipswich Town": "Ipswich",
    "Leeds United": "Leeds",
    "Leicester City": "Leicester",
    "Liverpool": "Liverpool",
    "Luton Town": "Luton",
    "Manchester City": "Man City",
    "Manchester United": "Man United",
    "Newcastle United": "Newcastle",
    "Nottingham Forest": "Forest",
    "Sheffield United": "Sheffield United",
    "Southampton": "Southampton",
    "Tottenham Hotspur": "Tottenham",
    "Watford": "Watford",
    "West Brom": "West Brom",
    "West Ham United": "West Ham",
    "Wolverhampton Wanderers": "Wolves"
  },
  "la_liga": {
    "Almeria": "Almeria",
    "Ath Madrid": "Atletico",
    "Athletic Bilbao": "Bilbao",
    "Barcelona": "Barcelona",
    "Cadiz": "Cadiz",
    "Celta Vigo": "Celta",
    "Deportivo Alavés": "Alaves",
    "Eibar": "Eibar",
    "Elche": "Elche",
    "Espanol": "Espanyol",
    "Getafe": "Getafe",
    "Girona": "Girona",
    "Granada": "Granada",
    "Huesca": "Huesca",
    "La Coruna": "Deportivo",
    "Las Palmas": "Las Palmas",
    "Leganés": "Leganes",
    "Levante": "Levante",
    "Mallorca": "Mallorca",
    "Osasuna": "Osasuna",
    "Rayo Vallecano": "Rayo Vallecano",
    "Real Betis": "Betis",
    "Real Madrid": "Real Madrid",
    "Real Sociedad": "Sociedad",
    "Real Valladolid": "Valladolid",
    "Sevilla": "Sevilla",
    "Valencia": "Valencia",
    "Villarreal": "Villarreal"
  },
  "bundesliga": {
    "1. FC Heidenheim": "Heidenheim",
    "1. FC Köln": "Koeln",
    "1. FC Union Berlin": "Union Berlin",
    "1. FSV Mainz 05": "Mainz",
    "Bayer Leverkusen": "Leverkusen",
    "Bayern Munich": "Bayern",
    "Bielefeld": "Bielefeld",
    "Borussia Dortmund": "Dortmund",
    "Borussia Mönchengladbach": "Gladbach",
    "Darmstadt": "Darmstadt",
    "Eintracht Frankfurt": "Frankfurt",
    "FC Augsburg": "Augsburg",
    "Fortuna Dusseldorf": "Duesseldorf",
    "Greuther Furth": "Fuerth",
    "Hamburger SV": "Hamburg",
    "Hannover 96": "Hannover",
    "Hertha Berlin": "Hertha",
    "Holstein Kiel": "Kiel",
    "Nurnberg": "Nuernberg",
    "Paderborn": "Paderborn",
    "RB Leipzig": "RB Leipzig",
    "SC Freiburg": "Freiburg",
    "SV Werder Bremen": "Werder",
    "Schalke 04": "Schalke",
    "TSG Hoffenheim": "Hoffenheim",
    "VfB Stuttgart": "Stuttgart",
    "VfL Bochum": "Bochum",
    "VfL Wolfsburg": "Wolfsburg"
  },
  "serie_a": {
    "AC Milan": "Milan",
    "ACF Fiorentina": "Fiorentina",
    "AS Roma": "Roma",
    "Atalanta BC": "Atalanta",
    "Benevento": "Benevento",
    "Bologna FC": "Bologna",
    "Brescia": "Brescia",
    "Cagliari Calcio": "Cagliari",
    "Chievo": "Chievo",
    "Como 1907": "Como",
    "Crotone": "Crotone",
    "Empoli FC": "Empoli",
    "Frosinone": "Frosinone",
    "Genoa CFC": "Genoa",
    "Hellas Verona": "Verona",
    "Inter Milan": "Inter",
    "Juventus": "Juventus",
    "Monza": "Monza",
    "Parma Calcio": "Parma",
    "SS Lazio": "Lazio",
    "SSC Napoli": "Napoli",
    "Salernitana": "Salernitana",
    "Sampdoria": "Sampdoria",
    "Spal": "SPAL",
    "Spezia": "Spezia",
    "Torino FC": "Torino",
    "US Lecce": "Lecce",
    "US Sassuolo": "Sassuolo",
    "Udinese Calcio": "Udinese",
    "Venezia FC": "Venezia"
  },
  "ligue_1": {
    "AJ Auxerre": "Auxerre",
    "AS Monaco": "Monaco",
    "AS Saint-Étienne": "St Etienne",
    "Ajaccio": "Ajaccio",
    "Amiens": "Amiens",
    "Angers SCO": "Angers",
    "Bordeaux": "Bordeaux",
    "Caen": "Caen",
    "Clermont Foot": "Clermont",
    "Dijon": "Dijon",
    "FC Lorient": "Lorient",
    "FC Metz": "Metz",
    "FC Nantes": "Nantes",
    "Guingamp": "Guingamp",
    "LOSC Lille": "Lille",
    "Le Havre AC": "Le Havre",
    "Montpellier HSC": "Montpellier",
    "Nimes": "Nimes",
    "OGC Nice": "Nice",
    "Olympique Lyon": "Lyon",
    "Olympique Marseille": "Marseille",
    "Paris Saint-Germain": "Paris SG",
    "RC Lens": "Lens",
    "RC Strasbourg": "Strasbourg",
    "Stade Brestois": "Brest",
    "Stade Reims": "Reims",
    "Stade Rennais": "Rennes",
    "Toulouse FC": "Toulouse",
    "Troyes": "Troyes"
  }
}
